{
	"customTemplates": [],
	"settings": {
		"appearanceTools": true,
		"color": {
			"defaultDuotone": false,
			"defaultGradients": false,
			"defaultPalette": false,
			"duotone": [],
			"gradients": [],
			"palette": [
				{
					"color": "#ffffff",
					"name": "Base",
					"slug": "base"
				},
				{
					"color": "#313131",
					"name": "Contrast",
					"slug": "contrast"
				},
				{
					"color": "#13322b",
					"name": "Accent",
					"slug": "accent"
				},
				{
					"color": "#96826d",
					"name": "Accent Two",
					"slug": "accent-2"
				},
				{
					"color": "#3e5d58",
					"name": "Accent Three",
					"slug": "accent-3"
				},
				{
					"color": "#e9e9e9",
					"name": "Neutral",
					"slug": "neutral"
				}
			]
		},
		"custom": {
			"fontWeight": {
				"black": 900,
				"bold": 700,
				"extra-bold": 800,
				"extra-light": 200,
				"light": 300,
				"medium": 500,
				"regular": 400,
				"semi-bold": 600,
				"thin": 100
			},
			"lineHeight": {
				"body": 1.75,
				"heading": 1.1000000000000001,
				"medium": 1.5,
				"one": 1
			}
		},
		"layout": {
			"contentSize": "720px",
			"wideSize": "1040px"
		},
		"shadow": {
			"defaultPresets": false,
			"presets": [
				{
					"name": "Faint",
					"shadow": "0 2px 4px rgb(10, 10, 10, 0.1)",
					"slug": "faint"
				},
				{
					"name": "Light",
					"shadow": "0 0 10px rgb(10, 10, 10, 0.1)",
					"slug": "light"
				},
				{
					"name": "Solid",
					"shadow": "6px 6px 0 currentColor",
					"slug": "solid"
				}
			]
		},
		"spacing": {
			"defaultSpacingSizes": false,
			"spacingSizes": [
				{
					"name": "10",
					"size": "clamp(10px, 1vw, 10px)",
					"slug": "10"
				},
				{
					"name": "20",
					"size": "clamp(15px, 2vw, 20px)",
					"slug": "20"
				},
				{
					"name": "30",
					"size": "clamp(25px, 3vw, 30px)",
					"slug": "30"
				},
				{
					"name": "40",
					"size": "clamp(30px, 4vw, 40px)",
					"slug": "40"
				},
				{
					"name": "50",
					"size": "clamp(35px, 5vw, 50px)",
					"slug": "50"
				},
				{
					"name": "60",
					"size": "clamp(40px, 6vw, 60px)",
					"slug": "60"
				},
				{
					"name": "80",
					"size": "clamp(60px, 8vw, 80px)",
					"slug": "80"
				}
			],
			"units": [
				"%",
				"px",
				"em",
				"rem",
				"vh",
				"vw"
			]
		},
		"typography": {
			"defaultFontSizes": false,
			"dropCap": false,
			"fluid": true,
			"fontFamilies": [
				{
					"fontFamily": "-apple-system, BlinkMacSystemFont, 'Segoe UI', Roboto, Oxygen-Sans, Ubuntu, Cantarell, 'Helvetica Neue', sans-serif",
					"name": "System Font",
					"slug": "system-font"
				},
				{
					"fontFace": [
						{
							"fontFamily": "Inter",
							"fontStyle": "normal",
							"fontWeight": "100",
							"src": [
								"file:./assets/fonts/UcCO3FwrK3iLTeHuS_fvQtMwCp50KnMw2boKoduKmMEVuLyeMZ1rib2Bg-4.woff2"
							]
						},
						{
							"fontFamily": "Inter",
							"fontStyle": "normal",
							"fontWeight": "200",
							"src": [
								"file:./assets/fonts/UcCO3FwrK3iLTeHuS_fvQtMwCp50KnMw2boKoduKmMEVuDyfMZ1rib2Bg-4.woff2"
							]
						},
						{
							"fontFamily": "Inter",
							"fontStyle": "normal",
							"fontWeight": "300",
							"src": [
								"file:./assets/fonts/UcCO3FwrK3iLTeHuS_fvQtMwCp50KnMw2boKoduKmMEVuOKfMZ1rib2Bg-4.woff2"
							]
						},
						{
							"fontFamily": "Inter",
							"fontStyle": "normal",
							"fontWeight": "400",
							"src": [
								"file:./assets/fonts/UcCO3FwrK3iLTeHuS_fvQtMwCp50KnMw2boKoduKmMEVuLyfMZ1rib2Bg-4.woff2"
							]
						},
						{
							"fontFamily": "Inter",
							"fontStyle": "normal",
							"fontWeight": "500",
							"src": [
								"file:./assets/fonts/UcCO3FwrK3iLTeHuS_fvQtMwCp50KnMw2boKoduKmMEVuI6fMZ1rib2Bg-4.woff2"
							]
						},
						{
							"fontFamily": "Inter",
							"fontStyle": "normal",
							"fontWeight": "600",
							"src": [
								"file:./assets/fonts/UcCO3FwrK3iLTeHuS_fvQtMwCp50KnMw2boKoduKmMEVuGKYMZ1rib2Bg-4.woff2"
							]
						},
						{
							"fontFamily": "Inter",
							"fontStyle": "normal",
							"fontWeight": "700",
							"src": [
								"file:./assets/fonts/UcCO3FwrK3iLTeHuS_fvQtMwCp50KnMw2boKoduKmMEVuFuYMZ1rib2Bg-4.woff2"
							]
						}
					],
					"fontFamily": "Inter, sans-serif",
					"name": "Inter",
					"slug": "inter"
				},
				{
					"fontFace": [
						{
							"fontFamily": "ETHIQUE",
							"fontStyle": "normal",
							"fontWeight": "400",
							"src": [
								"file:./assets/fonts/ETHIQUE.otf"
							]
						}
					],
					"fontFamily": "ETHIQUE",
					"name": "ETHIQUE",
					"slug": "ethique"
				},
				{
					"fontFace": [
						{
							"fontFamily": "Graphik",
							"fontStyle": "normal",
							"fontWeight": "500",
							"src": [
								"file:./assets/fonts/Graphik-Medium.otf"
							]
						}
					],
					"fontFamily": "Graphik",
					"name": "Graphik",
					"slug": "graphik"
				}
			],
			"fontSizes": [
				{
					"fluid": {
						"max": "1rem",
						"min": ".9rem"
					},
					"name": "Tiny",
					"size": "1rem",
					"slug": "tiny"
				},
				{
					"fluid": {
						"max": "1.2rem",
						"min": "1rem"
					},
					"name": "Small",
					"size": "1.2rem",
					"slug": "base"
				},
				{
					"fluid": {
						"max": "1.6rem",
						"min": "1.3rem"
					},
					"name": "Medium",
					"size": "1.6rem",
					"slug": "medium"
				},
				{
					"fluid": {
						"max": "2rem",
						"min": "1.5rem"
					},
					"name": "Large",
					"size": "2rem",
					"slug": "large"
				},
				{
					"fluid": {
						"max": "2.8rem",
						"min": "2rem"
					},
					"name": "Extra Large",
					"size": "2.8rem",
					"slug": "x-large"
				},
				{
					"fluid": {
						"max": "3.75rem",
						"min": "2.6rem"
					},
					"name": "Huge",
					"size": "3.75rem",
					"slug": "xx-large"
				},
				{
					"fluid": {
						"max": "4.1rem",
						"min": "4.75rem"
					},
					"name": "Giant",
					"size": "4.1rem",
					"slug": "xxx-large"
				}
			],
			"writingMode": true
		},
		"useRootPaddingAwareAlignments": true
	},
	"styles": {
		"blocks": {
			"core/button": {
				"border": {
					"bottom": {
						"style": "none",
						"width": "0px"
					},
					"left": {
						"style": "none",
						"width": "0px"
					},
					"radius": "100px",
					"right": {
						"style": "none",
						"width": "0px"
					},
					"top": {
						"style": "none",
						"width": "0px"
					}
				},
				"color": {
					"background": "var(--wp--preset--color--accent-2)",
					"text": "var(--wp--preset--color--base)"
				},
				"elements": {
					"link": {
						"color": {
							"text": "var(--wp--preset--color--base)"
						}
					}
				},
				"spacing": {
					"padding": {
						"bottom": "10px",
						"left": "var(--wp--preset--spacing--30)",
						"right": "var(--wp--preset--spacing--30)",
						"top": "10px"
					}
				},
				"typography": {
					"fontFamily": "var(--wp--preset--font-family--graphik)",
					"fontSize": "var(--wp--preset--font-size--small)"
				},
				"variations": {
					"outline": {
						"border": {
							"bottom": {
								"color": "currentColor",
								"style": "solid",
								"width": "2px"
							},
							"left": {
								"color": "currentColor",
								"style": "solid",
								"width": "2px"
							},
							"radius": "100px",
							"right": {
								"color": "currentColor",
								"style": "solid",
								"width": "2px"
							},
							"top": {
								"color": "currentColor",
								"style": "solid",
								"width": "2px"
							}
						}
					}
				}
			},
			"core/buttons": {
				"typography": {
					"fontFamily": "var(--wp--preset--font-family--inter)",
					"fontSize": "var(--wp--preset--font-size--tiny)"
				}
			}
		},
		"color": {
			"background": "var(--wp--preset--color--base)",
			"text": "var(--wp--preset--color--contrast)"
		},
		"elements": {
			"button": {
				"typography": {
					"fontFamily": "var(--wp--preset--font-family--inter)",
					"fontSize": "var(--wp--preset--font-size--tiny)"
				}
			},
			"caption": {
				"color": {
					"text": "var(--wp--preset--color--contrast)"
				},
				"typography": {
					"fontFamily": "var(--wp--preset--font-family--inter)",
					"fontSize": "var(--wp--preset--font-size--tiny)"
				}
			},
			"h1": {
				"typography": {
					"fontFamily": "var(--wp--preset--font-family--ethique)",
					"fontSize": "var(--wp--preset--font-size--xx-large)",
					"fontStyle": "normal",
					"fontWeight": "400",
					"lineHeight": "1.3",
					"textTransform": "capitalize"
				}
			},
			"h2": {
				"typography": {
					"fontFamily": "var(--wp--preset--font-family--graphik)",
					"fontSize": "var(--wp--preset--font-size--large)",
					"fontStyle": "normal",
					"fontWeight": "400",
					"lineHeight": "1.3",
					"textTransform": "uppercase"
				}
			},
			"h3": {
				"typography": {
					"fontFamily": "var(--wp--preset--font-family--graphik)",
					"fontSize": "var(--wp--preset--font-size--medium)",
					"fontStyle": "normal",
					"fontWeight": "400",
					"lineHeight": "1.3",
					"textTransform": "uppercase"
				}
			},
			"heading": {
				"color": {
					"text": "var(--wp--preset--color--contrast)"
				},
				"typography": {
					"fontFamily": "var(--wp--preset--font-family--graphik)",
					"fontStyle": "normal",
					"fontWeight": "400",
					"lineHeight": "1.3",
					"textTransform": "uppercase"
				}
			},
			"link": {
				":hover": {
					"color": {
						"text": "var(--wp--preset--color--accent-3)"
					}
				},
				"color": {
					"text": "var(--wp--preset--color--accent)"
				},
				"typography": {
					"fontFamily": "var(--wp--preset--font-family--inter)",
					"fontSize": "var(--wp--preset--font-size--tiny)"
				}
			}
		},
		"spacing": {
			"blockGap": "var(--wp--preset--spacing--30)",
			"padding": {
				"bottom": "0",
				"left": "var(--wp--preset--spacing--40)",
				"right": "var(--wp--preset--spacing--40)",
				"top": "0"
			}
		},
		"typography": {
			"fontFamily": "var(--wp--preset--font-family--inter)",
			"fontSize": "var(--wp--preset--font-size--tiny)",
			"fontWeight": "var(--wp--custom--font-weight--light)",
			"lineHeight": "var(--wp--custom--line-height--body)"
		}
	},
	"templateParts": [
		{
			"area": "header",
			"name": "header",
			"title": "Header"
		},
		{
			"area": "footer",
			"name": "footer",
			"title": "Footer"
		}
	],
	"version": 3,
	"$schema": "https://schemas.wp.org/wp/6.6/theme.json"
}