{
	"$schema": "https://schemas.wp.org/wp/6.5/theme.json",
	"version": 3,
	"title": "Dream",
	"settings": {
		"color": {
			"duotone": [
				{
					"colors": ["#111111", "#ffffff"],
					"slug": "duotone-1",
					"name": "Black and white"
				}
			],
			"gradients": [
				{
					"slug": "gradient-1",
					"gradient": "linear-gradient(to bottom, #AAAAAA 50%, #F9F9F9 50%)",
					"name": "Vertical hard grey to white"
				}
			],
			"palette": [
				{
					"color": "#dc73e1",
					"name": "Accent",
					"slug": "accent"
				},
				{
					"color": "#321550",
					"name": "Accent / Two",
					"slug": "accent-2"
				},
				{
					"color": "#5a135e",
					"name": "Accent / Three",
					"slug": "accent-3"
				},
				{
					"color": "#111111",
					"name": "Contrast",
					"slug": "contrast"
				},
				{
					"color": "#db4fe2",
					"name": "Contrast / Two",
					"slug": "contrast-2"
				},
				{
					"color": "#fcb2ff",
					"name": "Contrast / Three",
					"slug": "contrast-3"
				},
				{
					"color": "#fdd1ff",
					"name": "Base",
					"slug": "base"
				}
			]
		}
	}
}