{
	"$schema": "https://schemas.wp.org/wp/6.5/theme.json",
	"version": 3,
	"title": "Ghost",
	"settings": {
		"color": {
			"duotone": [
				{
					"colors": ["#111111", "#ffffff"],
					"slug": "duotone-1",
					"name": "Black and white"
				}
			],
			"gradients": [
				{
					"slug": "gradient-1",
					"gradient": "linear-gradient(to bottom, #AAAAAA 50%, #F9F9F9 50%)",
					"name": "Vertical hard grey to white"
				}
			],
			"palette": [
				{
					"color": "#86ead9",
					"name": "Accent",
					"slug": "accent"
				},
				{
					"color": "#3f898e",
					"name": "Accent / Two",
					"slug": "accent-2"
				},
				{
					"color": "#51b1b7",
					"name": "Accent / Three",
					"slug": "accent-3"
				},
				{
					"color": "#1c1f20",
					"name": "Contrast",
					"slug": "contrast"
				},
				{
					"color": "#b1acb0",
					"name": "Contrast / Two",
					"slug": "contrast-2"
				},
				{
					"color": "#2d404c",
					"name": "Contrast / Three",
					"slug": "contrast-3"
				},
				{
					"color": "#ffffff",
					"name": "Base",
					"slug": "base"
				}
			]
		}
	}
}
