{
	"customTemplates": [],
	"settings": {
		"appearanceTools": true,
		"color": {
			"defaultDuotone": false,
			"defaultGradients": false,
			"defaultPalette": false,
			"duotone": [],
			"gradients": [],
			"palette": [
				{
					"color": "#101010",
					"name": "Base",
					"slug": "base"
				},
				{
					"color": "#fafafa",
					"name": "Contrast",
					"slug": "contrast"
				},
				{
					"color": "#13322b",
					"name": "Accent",
					"slug": "accent"
				},
				{
					"color": "#96826d",
					"name": "Accent Two",
					"slug": "accent-2"
				},
				{
					"color": "#3e5d58",
					"name": "Accent Three",
					"slug": "accent-3"
				},
				{
					"color": "#333333",
					"name": "Neutral",
					"slug": "neutral"
				}
			]
		}
	},
	"version": 3,
	"$schema": "https://schemas.wp.org/wp/6.6/theme.json"
}